article_title,article_folder,source_url,link_text,url,type
Automatic License Activation,Automatic-License-Activation,https://stretchsense.my.site.com/defaulthelpcenter26Sep/s/article/Automatic-License-Activation?language=en_US,StretchSense Downloads,https://stretchsense.com/my-account/software-downloads/,stretchsense_site
Automatic License Activation,Automatic-License-Activation,https://stretchsense.my.site.com/defaulthelpcenter26Sep/s/article/Automatic-License-Activation?language=en_US,support@stretchsense.com,mailto:support@stretchsense.com,relative_or_internal
Automatic License Activation,Automatic-License-Activation,https://stretchsense.my.site.com/defaulthelpcenter26Sep/s/article/Automatic-License-Activation?language=en_US,support@stretchsense.com,mailto:support@stretchsense.com,relative_or_internal
Automatic License Activation,Automatic-License-Activation,https://stretchsense.my.site.com/defaulthelpcenter26Sep/s/article/Automatic-License-Activation?language=en_US,support@stretchsense.com,mailto:support@stretchsense.com,relative_or_internal
Fidelity Glove and Dongle Setup,Fidelity-Glove-and-Dongle-Setup,https://stretchsense.my.site.com/defaulthelpcenter26Sep/s/article/Fidelity-Glove-and-Dongle-Setup?language=en_US,create and stage a performer,https://get.stretchsense.com/knowledge/fidelity-#Performer,stretchsense_site
Fidelity Glove and Dongle Setup,Fidelity-Glove-and-Dongle-Setup,https://stretchsense.my.site.com/defaulthelpcenter26Sep/s/article/Fidelity-Glove-and-Dongle-Setup?language=en_US,connect to Hand Engine.,https://get.stretchsense.com/knowledge/fidelity-#ConnectingGloves,stretchsense_site
Fidelity & SuperSplay Gloves - Unity Streaming,Fidelity-SuperSplay-Gloves-Unity-Streaming,https://stretchsense.my.site.com/defaulthelpcenter26Sep/s/article/Fidelity-and-SuperSplay-Glove-Unity-Streaming?language=en_US,http://www.stretchsense.com/my-account,http://www.stretchsense.com/my-account,stretchsense_site
Fidelity & SuperSplay Gloves - Unity Streaming,Fidelity-SuperSplay-Gloves-Unity-Streaming,https://stretchsense.my.site.com/defaulthelpcenter26Sep/s/article/Fidelity-and-SuperSplay-Glove-Unity-Streaming?language=en_US,support@stretchsense.com,https://kb.stretchsense.com/desk/help-docs/573/mcpsupport@stretchsense.com/,stretchsense_site
Fidelity & SuperSplay Gloves - Unity Streaming,Fidelity-SuperSplay-Gloves-Unity-Streaming,https://stretchsense.my.site.com/defaulthelpcenter26Sep/s/article/Fidelity-and-SuperSplay-Glove-Unity-Streaming?language=en_US,stretchsense.com/my-account/,https://stretchsense.com/my-account/,stretchsense_site
Fidelity & SuperSplay Gloves - Unreal Engine Streaming,Fidelity-SuperSplay-Gloves-Unreal-Engine-Streaming,https://stretchsense.my.site.com/defaulthelpcenter26Sep/s/article/Fidelity-and-SuperSplay-Glove-Unreal-Engine-Streaming?language=en_US,http://www.stretchsense.com/my-account,http://www.stretchsense.com/my-account,stretchsense_site
Fidelity & SuperSplay Gloves - Unreal Engine Streaming,Fidelity-SuperSplay-Gloves-Unreal-Engine-Streaming,https://stretchsense.my.site.com/defaulthelpcenter26Sep/s/article/Fidelity-and-SuperSplay-Glove-Unreal-Engine-Streaming?language=en_US,support@stretchsense.com,https://kb.stretchsense.com/desk/help-docs/573/mcpsupport@stretchsense.com/,stretchsense_site
Fidelity & SuperSplay Gloves - Unreal Engine Streaming,Fidelity-SuperSplay-Gloves-Unreal-Engine-Streaming,https://stretchsense.my.site.com/defaulthelpcenter26Sep/s/article/Fidelity-and-SuperSplay-Glove-Unreal-Engine-Streaming?language=en_US,stretchsense.com/my-account/,https://stretchsense.com/my-account/,stretchsense_site
Firmware Update (Fidelity and SuperSplay Gloves),Firmware-Update-Fidelity-and-SuperSplay-Gloves,https://stretchsense.my.site.com/defaulthelpcenter26Sep/s/article/Legacy-Glove-and-Dongle-Firmware-Update-Guide-Desktop?language=en_US,https://www.nordicsemi.com/-/media/Software-and-other-downloads/Desktop-software/nRF-Connect-for-Desktop/3-10-0/nrfconnect-setup-3.10.0.exe,https://www.nordicsemi.com/-/media/Software-and-other-downloads/Desktop-software/nRF-Connect-for-Desktop/3-10-0/nrfconnect-setup-3.10.0.exe,download
Firmware Update (Fidelity and SuperSplay Gloves),Firmware-Update-Fidelity-and-SuperSplay-Gloves,https://stretchsense.my.site.com/defaulthelpcenter26Sep/s/article/Legacy-Glove-and-Dongle-Firmware-Update-Guide-Desktop?language=en_US,https://stretchsense.com/my-account/software-downloads/,https://stretchsense.com/my-account/software-downloads/,stretchsense_site
Floating License Activation,Floating-License-Activation,https://stretchsense.my.site.com/defaulthelpcenter26Sep/s/article/Floating-License-Activation?language=en_US,StretchSense Downloads,https://stretchsense.com/my-account/software-downloads/,stretchsense_site
Floating License Activation,Floating-License-Activation,https://stretchsense.my.site.com/defaulthelpcenter26Sep/s/article/Floating-License-Activation?language=en_US,support@stretchsense.com,mailto:support@stretchsense.com,relative_or_internal
Hand Engine 2 - Connect and Calibrate,Hand-Engine-2-Connect-and-Calibrate,https://stretchsense.my.site.com/defaulthelpcenter26Sep/s/article/Hand-Engine-2-Connect-and-Calibrate?language=en_US,https://www.dropbox.com/scl/fi/q3urywucjolarofegkm2i/StretchSense-WiFi-App-v1.19.zip?rlkey=zzxj9279zr9vnfmvwbj45zejc&dl=0,https://www.dropbox.com/scl/fi/q3urywucjolarofegkm2i/StretchSense-WiFi-App-v1.19.zip?rlkey=zzxj9279zr9vnfmvwbj45zejc&dl=0,dropbox
Hand Engine 2 - Connect and Calibrate,Hand-Engine-2-Connect-and-Calibrate,https://stretchsense.my.site.com/defaulthelpcenter26Sep/s/article/Hand-Engine-2-Connect-and-Calibrate?language=en_US,Express Calibration,https://get.stretchsense.com/knowledge/hand-engine-2-connect-and-calibrate#ExpressCalibration,stretchsense_site
Hand Engine 2 - Connect and Calibrate,Hand-Engine-2-Connect-and-Calibrate,https://stretchsense.my.site.com/defaulthelpcenter26Sep/s/article/Hand-Engine-2-Connect-and-Calibrate?language=en_US,Advanced Calibration,https://get.stretchsense.com/knowledge/hand-engine-2-connect-and-calibrate#AdvancedCalibration,stretchsense_site
Hand Engine 2 - Connect and Calibrate,Hand-Engine-2-Connect-and-Calibrate,https://stretchsense.my.site.com/defaulthelpcenter26Sep/s/article/Hand-Engine-2-Connect-and-Calibrate?language=en_US,Advanced Calibration,https://get.stretchsense.com/knowledge/hand-engine-2-connect-and-calibrate#AdvancedCalibration,stretchsense_site
Hand Engine 2 - Connect and Calibrate,Hand-Engine-2-Connect-and-Calibrate,https://stretchsense.my.site.com/defaulthelpcenter26Sep/s/article/Hand-Engine-2-Connect-and-Calibrate?language=en_US,Key Pose Settings,https://get.stretchsense.com/knowledge/hand-engine-2-connect-and-calibrate#key-pose-settings,stretchsense_site
Hand Engine 2 - Connect and Calibrate,Hand-Engine-2-Connect-and-Calibrate,https://stretchsense.my.site.com/defaulthelpcenter26Sep/s/article/Hand-Engine-2-Connect-and-Calibrate?language=en_US,Advanced Calibration,https://get.stretchsense.com/knowledge/hand-engine-2-connect-and-calibrate#AdvancedCalibration,stretchsense_site
Hand Engine 2 - Connect and Calibrate,Hand-Engine-2-Connect-and-Calibrate,https://stretchsense.my.site.com/defaulthelpcenter26Sep/s/article/Hand-Engine-2-Connect-and-Calibrate?language=en_US,Key Pose Settings,https://get.stretchsense.com/knowledge/hand-engine-2-connect-and-calibrate#key-pose-settings,stretchsense_site
Hand Engine 2 - Connect and Calibrate,Hand-Engine-2-Connect-and-Calibrate,https://stretchsense.my.site.com/defaulthelpcenter26Sep/s/article/Hand-Engine-2-Connect-and-Calibrate?language=en_US,Key Pose Settings,https://get.stretchsense.com/knowledge/hand-engine-2-connect-and-calibrate#key-pose-settings,stretchsense_site
Hand Engine Release Notes,Hand-Engine-Release-Notes,https://stretchsense.my.site.com/defaulthelpcenter26Sep/s/article/Hand-Engine-Release-Notes?language=en_US,Hand Engine Pro 3.3.2 Release Notes,https://www.dropbox.com/scl/fi/gn9l76sxi3c3z6vk1atu8/Hand-Engine-3.3.2-Pro-Release-Notes.pdf?rlkey=3l24zhlpy99ayhn3ur3l6cpm5&st=kqckilst&dl=0,dropbox
Hand Engine Release Notes,Hand-Engine-Release-Notes,https://stretchsense.my.site.com/defaulthelpcenter26Sep/s/article/Hand-Engine-Release-Notes?language=en_US,Hand Engine Lite 3.3.0 Release Notes,https://www.dropbox.com/scl/fi/91h264uq1inihi87cgytd/Hand-Engine-LITE-3.3.0-Release-Notes.pdf?rlkey=4klnca8h4srb9j2y1d64t7bmd&st=8w5s0lfa&dl=0,dropbox
Hand Engine Release Notes,Hand-Engine-Release-Notes,https://stretchsense.my.site.com/defaulthelpcenter26Sep/s/article/Hand-Engine-Release-Notes?language=en_US,Hand Engine Lite 3.2.0 Release Notes,https://www.dropbox.com/scl/fi/498eo85miq4omwkfs39gq/Hand-Engine-LITE-3.2.0-Release-Notes.pdf?rlkey=8uf4vm0atngr2s9bcqz80n8e6&st=7sy2pqrf&dl=0,dropbox
Hand Engine Release Notes,Hand-Engine-Release-Notes,https://stretchsense.my.site.com/defaulthelpcenter26Sep/s/article/Hand-Engine-Release-Notes?language=en_US,Hand Engine Pro 3.1.2 Release Notes,https://www.dropbox.com/scl/fi/9rslttldzu6fuuuvi3fi4/Hand-Engine-3.1.2-Pro-Release-Notes.pdf?rlkey=zahwz53hzz5bsc7ni3bemo319&st=t5kbznha&dl=0,dropbox
Hand Engine Release Notes,Hand-Engine-Release-Notes,https://stretchsense.my.site.com/defaulthelpcenter26Sep/s/article/Hand-Engine-Release-Notes?language=en_US,Hand Engine Lite 3.1.2 Release Notes,https://www.dropbox.com/scl/fi/izn60xbd4lqdnopmfzwd8/Hand-Engine-LITE-3.1.2-Release-Notes.pdf?rlkey=haoqqxk17uvipbc79hngbm3ek&st=fri48qfx&dl=0,dropbox
Hand Engine Release Notes,Hand-Engine-Release-Notes,https://stretchsense.my.site.com/defaulthelpcenter26Sep/s/article/Hand-Engine-Release-Notes?language=en_US,Hand Engine Pro 3.0.12 Release Notes,https://www.dropbox.com/scl/fi/d7bia7b7maw5q0rfwyhfr/Hand-Engine-Pro-3.0.12-Release-Notes.pdf?rlkey=ai1pdqwwd4ah1qnkkf57flu9t&st=ih4geonu&dl=0,dropbox
Hand Engine Release Notes,Hand-Engine-Release-Notes,https://stretchsense.my.site.com/defaulthelpcenter26Sep/s/article/Hand-Engine-Release-Notes?language=en_US,Hand Engine Lite 3.0.11 Release Notes,https://www.dropbox.com/scl/fi/dk110u1liz0r8eeulukgv/Hand-Engine-LITE-3.0.11-Release-Notes.pdf?rlkey=3sosf3w6y5sve48orlrjice4e&dl=0,dropbox
Hand Engine Release Notes,Hand-Engine-Release-Notes,https://stretchsense.my.site.com/defaulthelpcenter26Sep/s/article/Hand-Engine-Release-Notes?language=en_US,Hand Engine Pro 3.0.10 Release Notes,https://www.dropbox.com/scl/fi/r1a69eeg6kmfb8vlxjten/Hand-Engine-Pro-3.0.10-Release-Notes.pdf?rlkey=nlhz6k99hrw9sshpfypqyolec&dl=0,dropbox
Hand Engine Release Notes,Hand-Engine-Release-Notes,https://stretchsense.my.site.com/defaulthelpcenter26Sep/s/article/Hand-Engine-Release-Notes?language=en_US,Hand Engine Pro 3.0.6 Release Notes,https://www.dropbox.com/scl/fi/2sz8mq325by3ite6jdszx/Hand-Engine-Pro-3.0.6-Release-Notes.pdf?rlkey=iz3jcci07nwyh4wfiwbei64ai&dl=0,dropbox
Hand Engine Release Notes,Hand-Engine-Release-Notes,https://stretchsense.my.site.com/defaulthelpcenter26Sep/s/article/Hand-Engine-Release-Notes?language=en_US,Hand Engine Pro 3.0.5 Release Notes,https://20712582.fs1.hubspotusercontent-na1.net/hubfs/20712582/Hand%20Engine%20Pro%203.0.5%20-%20Release%20Notes.pdf,download
Hand Engine Release Notes,Hand-Engine-Release-Notes,https://stretchsense.my.site.com/defaulthelpcenter26Sep/s/article/Hand-Engine-Release-Notes?language=en_US,Hand Engine Lite 3.0.5 Release Notes,https://20712582.fs1.hubspotusercontent-na1.net/hubfs/20712582/Hand%20Engine%20Lite%203.0.5%20-%20Release%20Notes.pdf,download
Hand Engine Release Notes,Hand-Engine-Release-Notes,https://stretchsense.my.site.com/defaulthelpcenter26Sep/s/article/Hand-Engine-Release-Notes?language=en_US,Hand Engine Pro 3.0.3 Release Notes,https://20712582.fs1.hubspotusercontent-na1.net/hubfs/20712582/Hand%20Engine%20Pro%203.0.3%20-%20Release%20Notes.pdf,download
Hand Engine Release Notes,Hand-Engine-Release-Notes,https://stretchsense.my.site.com/defaulthelpcenter26Sep/s/article/Hand-Engine-Release-Notes?language=en_US,Hand Engine Lite 3.0.2 Release Notes,https://20712582.fs1.hubspotusercontent-na1.net/hubfs/20712582/Hand%20Engine%20Lite%203.0.2%20-%20Release%20Notes.pdf,download
Hand Engine Release Notes,Hand-Engine-Release-Notes,https://stretchsense.my.site.com/defaulthelpcenter26Sep/s/article/Hand-Engine-Release-Notes?language=en_US,Hand Engine 2.2.2-SDK Release Notes,https://20712582.fs1.hubspotusercontent-na1.net/hubfs/20712582/Hand%20Engine%202.2.2%20SDK%20Release%20Notes.pdf,download
Hand Engine Release Notes,Hand-Engine-Release-Notes,https://stretchsense.my.site.com/defaulthelpcenter26Sep/s/article/Hand-Engine-Release-Notes?language=en_US,Hand Engine 2.2.1 Release Notes,https://20712582.fs1.hubspotusercontent-na1.net/hubfs/20712582/Hand%20Engine%202.2.1%20Release%20Notes.pdf,download
Hand Engine Release Notes,Hand-Engine-Release-Notes,https://stretchsense.my.site.com/defaulthelpcenter26Sep/s/article/Hand-Engine-Release-Notes?language=en_US,Hand Engine 2.2.0 Release Notes,https://20712582.fs1.hubspotusercontent-na1.net/hubfs/20712582/Hand%20Engine%202.2.0%20Release%20Notes.pdf,download
Hand Engine Release Notes,Hand-Engine-Release-Notes,https://stretchsense.my.site.com/defaulthelpcenter26Sep/s/article/Hand-Engine-Release-Notes?language=en_US,Hand Engine 2.1.0 Release Notes,https://20712582.fs1.hubspotusercontent-na1.net/hubfs/20712582/Hand%20Engine%202.1.0%20Release%20Notes.pdf,download
Hand Engine Release Notes,Hand-Engine-Release-Notes,https://stretchsense.my.site.com/defaulthelpcenter26Sep/s/article/Hand-Engine-Release-Notes?language=en_US,Hand Engine 2.0.0 Release Notes,https://20712582.fs1.hubspotusercontent-na1.net/hubfs/20712582/Hand%20Engine%202.0.0%20Release%20Notes.pdf,download
Hand Engine Release Notes,Hand-Engine-Release-Notes,https://stretchsense.my.site.com/defaulthelpcenter26Sep/s/article/Hand-Engine-Release-Notes?language=en_US,Hand Engine 1.5.3 Release Notes,https://20712582.fs1.hubspotusercontent-na1.net/hubfs/20712582/Hand%20Engine%201.5.3%20Release%20Notes.pdf,download
Hand Engine Release Notes,Hand-Engine-Release-Notes,https://stretchsense.my.site.com/defaulthelpcenter26Sep/s/article/Hand-Engine-Release-Notes?language=en_US,Hand Engine 1.5.2 Release Notes,https://f.hubspotusercontent30.net/hubfs/20712582/Hand%20Engine%201.5.2%20Release%20Notes.pdf,download
Hand Engine Release Notes,Hand-Engine-Release-Notes,https://stretchsense.my.site.com/defaulthelpcenter26Sep/s/article/Hand-Engine-Release-Notes?language=en_US,Hand Engine 1.5.1 Release Notes,https://f.hubspotusercontent30.net/hubfs/20712582/Hand%20Engine%201.5.1%20Release%20Notes.pdf,download
Hand Engine Release Notes,Hand-Engine-Release-Notes,https://stretchsense.my.site.com/defaulthelpcenter26Sep/s/article/Hand-Engine-Release-Notes?language=en_US,https://stretchsense.com/2021/11/10/hand-engine-software-release-1-5-0/,https://stretchsense.com/2021/11/10/hand-engine-software-release-1-5-0/,stretchsense_site
Hand Engine Release Notes,Hand-Engine-Release-Notes,https://stretchsense.my.site.com/defaulthelpcenter26Sep/s/article/Hand-Engine-Release-Notes?language=en_US,https://stretchsense.com/2021/09/30/level-down-in-frustration-level-up-in-velocity/,https://stretchsense.com/2021/09/30/level-down-in-frustration-level-up-in-velocity/,stretchsense_site
Hand Engine Release Notes,Hand-Engine-Release-Notes,https://stretchsense.my.site.com/defaulthelpcenter26Sep/s/article/Hand-Engine-Release-Notes?language=en_US,https://stretchsense.com/2021/08/25/hand-engine-software-release-1-3-0/,https://stretchsense.com/2021/08/25/hand-engine-software-release-1-3-0/,stretchsense_site
Hand Engine Release Notes,Hand-Engine-Release-Notes,https://stretchsense.my.site.com/defaulthelpcenter26Sep/s/article/Hand-Engine-Release-Notes?language=en_US,https://stretchsense.com/2021/07/01/hand-engine-software-version-1-2-0/,https://stretchsense.com/2021/07/01/hand-engine-software-version-1-2-0/,stretchsense_site
Hand Engine Release Notes,Hand-Engine-Release-Notes,https://stretchsense.my.site.com/defaulthelpcenter26Sep/s/article/Hand-Engine-Release-Notes?language=en_US,https://stretchsense.com/2021/05/28/hand-engine-v1-1-2-now-available/,https://stretchsense.com/2021/05/28/hand-engine-v1-1-2-now-available/,stretchsense_site
Hand Engine Release Notes,Hand-Engine-Release-Notes,https://stretchsense.my.site.com/defaulthelpcenter26Sep/s/article/Hand-Engine-Release-Notes?language=en_US,https://stretchsense.com/2021/05/04/hand-engine-1-1-1-release/,https://stretchsense.com/2021/05/04/hand-engine-1-1-1-release/,stretchsense_site
Hand Engine Release Notes,Hand-Engine-Release-Notes,https://stretchsense.my.site.com/defaulthelpcenter26Sep/s/article/Hand-Engine-Release-Notes?language=en_US,https://stretchsense.com/2021/03/24/stretchsense-launches-hand-engine-1-1-0/,https://stretchsense.com/2021/03/24/stretchsense-launches-hand-engine-1-1-0/,stretchsense_site
Hand Engine Release Notes,Hand-Engine-Release-Notes,https://stretchsense.my.site.com/defaulthelpcenter26Sep/s/article/Hand-Engine-Release-Notes?language=en_US,https://stretchsense.com/2020/12/16/hand-engine-experimental-release-program/,https://stretchsense.com/2020/12/16/hand-engine-experimental-release-program/,stretchsense_site
Hand Engine Release Notes,Hand-Engine-Release-Notes,https://stretchsense.my.site.com/defaulthelpcenter26Sep/s/article/Hand-Engine-Release-Notes?language=en_US,https://stretchsense.com/2020/12/09/hand-engine-software-update-1-0-1/,https://stretchsense.com/2020/12/09/hand-engine-software-update-1-0-1/,stretchsense_site
How to Setup a Wi-Fi bridge to Hand Engine using an Android Phone,How-to-Setup-a-Wi-Fi-bridge-to-Hand-Engine-using-an-Android-Phone,https://stretchsense.my.site.com/defaulthelpcenter26Sep/s/article/How-to-Setup-a-Wi-Fi-bridge-to-Hand-Engine-using-an-Android-Phone?language=en_US,www.stretchsense.com,http://www.stretchsense.com/my-account,stretchsense_site
How to Setup a Wi-Fi bridge to Hand Engine using an Android Phone,How-to-Setup-a-Wi-Fi-bridge-to-Hand-Engine-using-an-Android-Phone,https://stretchsense.my.site.com/defaulthelpcenter26Sep/s/article/How-to-Setup-a-Wi-Fi-bridge-to-Hand-Engine-using-an-Android-Phone?language=en_US,support@stretchsense.com,mailto:support@stretchsense.com,relative_or_internal
How to Setup a Wi-Fi bridge to Hand Engine using an Android Phone,How-to-Setup-a-Wi-Fi-bridge-to-Hand-Engine-using-an-Android-Phone,https://stretchsense.my.site.com/defaulthelpcenter26Sep/s/article/How-to-Setup-a-Wi-Fi-bridge-to-Hand-Engine-using-an-Android-Phone?language=en_US,StretchSense WiFi Bridge,https://www.dropbox.com/scl/fi/q3urywucjolarofegkm2i/StretchSense-WiFi-App-v1.19.zip?rlkey=zzxj9279zr9vnfmvwbj45zejc&dl=0,dropbox
How to Setup a Wi-Fi bridge to Hand Engine using an Android Phone,How-to-Setup-a-Wi-Fi-bridge-to-Hand-Engine-using-an-Android-Phone,https://stretchsense.my.site.com/defaulthelpcenter26Sep/s/article/How-to-Setup-a-Wi-Fi-bridge-to-Hand-Engine-using-an-Android-Phone?language=en_US,Changing network adapter priorities on Windows 10,https://www.windowscentral.com/how-change-priority-order-network-adapters-windows-10,external
How to Setup a Wi-Fi bridge to Hand Engine using an Android Phone,How-to-Setup-a-Wi-Fi-bridge-to-Hand-Engine-using-an-Android-Phone,https://stretchsense.my.site.com/defaulthelpcenter26Sep/s/article/How-to-Setup-a-Wi-Fi-bridge-to-Hand-Engine-using-an-Android-Phone?language=en_US,Changing network adapter priorities on Windows 10,https://www.windowscentral.com/how-change-priority-order-network-adapters-windows-10,external
Manual License Activation,Manual-License-Activation,https://stretchsense.my.site.com/defaulthelpcenter26Sep/s/article/Manual-License-Activation?language=en_US,StretchSense Downloads,https://stretchsense.com/my-account/software-downloads/,stretchsense_site
Manual License Activation,Manual-License-Activation,https://stretchsense.my.site.com/defaulthelpcenter26Sep/s/article/Manual-License-Activation?language=en_US,support@stretchsense.com,mailto:support@stretchsense.com,relative_or_internal
Manual License Activation,Manual-License-Activation,https://stretchsense.my.site.com/defaulthelpcenter26Sep/s/article/Manual-License-Activation?language=en_US,support@stretchsense.com,mailto:support@stretchsense.com,relative_or_internal
Maya - Retarget Recorded Hand Data FBX to Body Data in Post Production,Maya-Retarget-Recorded-Hand-Data-FBX-to-Body-Data-in-Post-Production,https://stretchsense.my.site.com/defaulthelpcenter26Sep/s/article/Maya-Retargeting-and-Merging-Pre-Recorded-Hand-Data-Animation-with-Body-Data-Animation-DOC-5043?language=en_US,http://www.stretchsense.com/my-account,http://www.stretchsense.com/my-account,stretchsense_site
Maya - Retarget Recorded Hand Data FBX to Body Data in Post Production,Maya-Retarget-Recorded-Hand-Data-FBX-to-Body-Data-in-Post-Production,https://stretchsense.my.site.com/defaulthelpcenter26Sep/s/article/Maya-Retargeting-and-Merging-Pre-Recorded-Hand-Data-Animation-with-Body-Data-Animation-DOC-5043?language=en_US,support@stretchsense.com,https://kb.stretchsense.com/desk/help-docs/573/mcpsupport@stretchsense.com/,stretchsense_site
Maya - Retarget Recorded Hand Data FBX to Body Data in Post Production,Maya-Retarget-Recorded-Hand-Data-FBX-to-Body-Data-in-Post-Production,https://stretchsense.my.site.com/defaulthelpcenter26Sep/s/article/Maya-Retargeting-and-Merging-Pre-Recorded-Hand-Data-Animation-with-Body-Data-Animation-DOC-5043?language=en_US,https://www.autodesk.co.nz/products/maya/overview,https://www.autodesk.co.nz/products/maya/overview,external
MotionBuilder - Retarget Recorded Hand Data FBX to Body Data in Post Production,MotionBuilder-Retarget-Recorded-Hand-Data-FBX-to-Body-Data-in-Post-Production,https://stretchsense.my.site.com/defaulthelpcenter26Sep/s/article/MotionBuilder-Retargeting-and-Merging-Pre-Recorded-Hand-Data-Animation-with-Body-Data-Animation-DOC-5040?language=en_US,http://www.stretchsense.com/my-account,http://www.stretchsense.com/my-account,stretchsense_site
MotionBuilder - Retarget Recorded Hand Data FBX to Body Data in Post Production,MotionBuilder-Retarget-Recorded-Hand-Data-FBX-to-Body-Data-in-Post-Production,https://stretchsense.my.site.com/defaulthelpcenter26Sep/s/article/MotionBuilder-Retargeting-and-Merging-Pre-Recorded-Hand-Data-Animation-with-Body-Data-Animation-DOC-5040?language=en_US,support@stretchsense.com,https://kb.stretchsense.com/desk/help-docs/573/mcpsupport@stretchsense.com/,stretchsense_site
OptiTrack Motive Streaming from Hand Engine,OptiTrack-Motive-Streaming-from-Hand-Engine,https://stretchsense.my.site.com/defaulthelpcenter26Sep/s/article/OptiTrack-Motive-Streaming-from-Hand-Engine?language=en_US,https://optitrack.com/software/motive/,https://optitrack.com/software/motive/,external
OptiTrack Motive Streaming from Hand Engine,OptiTrack-Motive-Streaming-from-Hand-Engine,https://stretchsense.my.site.com/defaulthelpcenter26Sep/s/article/OptiTrack-Motive-Streaming-from-Hand-Engine?language=en_US,(Available from the Downloads section of My Account),https://stretchsense.com/my-account/software-downloads/,stretchsense_site
OptiTrack Motive Streaming from Hand Engine,OptiTrack-Motive-Streaming-from-Hand-Engine,https://stretchsense.my.site.com/defaulthelpcenter26Sep/s/article/OptiTrack-Motive-Streaming-from-Hand-Engine?language=en_US,"For more information about the Devices Pane, please see here",https://docs.optitrack.com/motive-ui-panes/devices-pane,external
OptiTrack Motive Streaming from Hand Engine,OptiTrack-Motive-Streaming-from-Hand-Engine,https://stretchsense.my.site.com/defaulthelpcenter26Sep/s/article/OptiTrack-Motive-Streaming-from-Hand-Engine?language=en_US,"For more information on calibrating your Optitrack system, See here.",https://docs.optitrack.com/motive/calibration,external
Studio Glove - Unreal Engine 5 Streaming from Hand Engine via SDK,Studio-Glove-Unreal-Engine-5-Streaming-from-Hand-Engine-via-SDK,https://stretchsense.my.site.com/defaulthelpcenter26Sep/s/article/Studio-Glove-Unreal-Engine-5-Streaming-from-Hand-Engine?language=en_US,downloads page,https://stretchsense.com/my-account/software-downloads/,stretchsense_site
Studio Glove - Unreal Engine 5 Streaming from Hand Engine via SDK,Studio-Glove-Unreal-Engine-5-Streaming-from-Hand-Engine-via-SDK,https://stretchsense.my.site.com/defaulthelpcenter26Sep/s/article/Studio-Glove-Unreal-Engine-5-Streaming-from-Hand-Engine?language=en_US,here.,https://stretchsense.my.site.com/defaulthelpcenter26Sep/s/article/Fidelity-and-SuperSplay-Glove-Unreal-Engine-Streaming,salesforce_article
SuperSplay Glove and Dongle Setup,SuperSplay-Glove-and-Dongle-Setup,https://stretchsense.my.site.com/defaulthelpcenter26Sep/s/article/SuperSplay-Glove-and-Dongle-Setup?language=en_US,create and stage a performer,#Performer,relative_or_internal
SuperSplay Glove and Dongle Setup,SuperSplay-Glove-and-Dongle-Setup,https://stretchsense.my.site.com/defaulthelpcenter26Sep/s/article/SuperSplay-Glove-and-Dongle-Setup?language=en_US,connect to Hand Engine.,#ConnectingGloves,relative_or_internal
Unity Plugin - How to Retrieve Pose Name Streamed from Hand Engine (Fidelity Glove),Unity-Plugin-How-to-Retrieve-Pose-Name-Streamed-from-Hand-Engine-Fidelity-Glove,https://stretchsense.my.site.com/defaulthelpcenter26Sep/s/article/Unity-Plugin-How-to-Retrieve-Pose-Name-Streamed-from-Hand-Engine?language=en_US,http://www.stretchsense.com/my-account,http://www.stretchsense.com/my-account,stretchsense_site
Unity Plugin - How to Retrieve Pose Name Streamed from Hand Engine (Fidelity Glove),Unity-Plugin-How-to-Retrieve-Pose-Name-Streamed-from-Hand-Engine-Fidelity-Glove,https://stretchsense.my.site.com/defaulthelpcenter26Sep/s/article/Unity-Plugin-How-to-Retrieve-Pose-Name-Streamed-from-Hand-Engine?language=en_US,https://stretchsense.my.site.com/defaulthelpcenter26Sep/s/article/Fidelity-and-SuperSplay-Glove-Unity-Streaming,https://stretchsense.my.site.com/defaulthelpcenter26Sep/s/article/Fidelity-and-SuperSplay-Glove-Unity-Streaming,salesforce_article
Unity - Retarget Recorded Hand Data FBX to Body Data in Post Production,Unity-Retarget-Recorded-Hand-Data-FBX-to-Body-Data-in-Post-Production,https://stretchsense.my.site.com/defaulthelpcenter26Sep/s/article/Unity-Retargeting-and-Merging-Pre-Recorded-Hand-Data-Animation-with-Body-Data-Animation-DOC-5041?language=en_US,http://www.stretchsense.com/my-account,http://www.stretchsense.com/my-account,stretchsense_site
Unity - Retarget Recorded Hand Data FBX to Body Data in Post Production,Unity-Retarget-Recorded-Hand-Data-FBX-to-Body-Data-in-Post-Production,https://stretchsense.my.site.com/defaulthelpcenter26Sep/s/article/Unity-Retargeting-and-Merging-Pre-Recorded-Hand-Data-Animation-with-Body-Data-Animation-DOC-5041?language=en_US,https://unity3d.com/get-unity/download,https://unity3d.com/get-unity/download,external
Unity - Retarget Recorded Hand Data FBX to Body Data in Post Production,Unity-Retarget-Recorded-Hand-Data-FBX-to-Body-Data-in-Post-Production,https://stretchsense.my.site.com/defaulthelpcenter26Sep/s/article/Unity-Retargeting-and-Merging-Pre-Recorded-Hand-Data-Animation-with-Body-Data-Animation-DOC-5041?language=en_US,Unity - Starter Assets - Third Person Character Controller,https://assetstore.unity.com/packages/essentials/starter-assets-third-person-character-controller-196526,external
Unity & Tundra Trackers - Guide for Set Up with Hand Engine,Unity-Tundra-Trackers-Guide-for-Set-Up-with-Hand-Engine,https://stretchsense.my.site.com/defaulthelpcenter26Sep/s/article/Unity-Tundra-Trackers-Guide-for-Set-Up-with-Hand-Engine?language=en_US,Hand Engine,https://stretchsense.com/my-account/,stretchsense_site
Unity & Tundra Trackers - Guide for Set Up with Hand Engine,Unity-Tundra-Trackers-Guide-for-Set-Up-with-Hand-Engine,https://stretchsense.my.site.com/defaulthelpcenter26Sep/s/article/Unity-Tundra-Trackers-Guide-for-Set-Up-with-Hand-Engine?language=en_US,2022.3*,https://unity.com/releases/editor/whats-new/2022.3.19,external
Unity & Tundra Trackers - Guide for Set Up with Hand Engine,Unity-Tundra-Trackers-Guide-for-Set-Up-with-Hand-Engine,https://stretchsense.my.site.com/defaulthelpcenter26Sep/s/article/Unity-Tundra-Trackers-Guide-for-Set-Up-with-Hand-Engine?language=en_US,Unity OpenXR Plugin,https://docs.unity3d.com/Manual/com.unity.xr.openxr.html,external
Unity & Tundra Trackers - Guide for Set Up with Hand Engine,Unity-Tundra-Trackers-Guide-for-Set-Up-with-Hand-Engine,https://stretchsense.my.site.com/defaulthelpcenter26Sep/s/article/Unity-Tundra-Trackers-Guide-for-Set-Up-with-Hand-Engine?language=en_US,Unity Input System,https://docs.unity3d.com/Manual/com.unity.inputsystem.html,external
Unity & Tundra Trackers - Guide for Set Up with Hand Engine,Unity-Tundra-Trackers-Guide-for-Set-Up-with-Hand-Engine,https://stretchsense.my.site.com/defaulthelpcenter26Sep/s/article/Unity-Tundra-Trackers-Guide-for-Set-Up-with-Hand-Engine?language=en_US,Unity XR Interaction Toolkit,https://docs.unity3d.com/Packages/com.unity.xr.interaction.toolkit@2.5/manual/installation.html,external
Unity & Tundra Trackers - Guide for Set Up with Hand Engine,Unity-Tundra-Trackers-Guide-for-Set-Up-with-Hand-Engine,https://stretchsense.my.site.com/defaulthelpcenter26Sep/s/article/Unity-Tundra-Trackers-Guide-for-Set-Up-with-Hand-Engine?language=en_US,Steam Desktop Client,https://help.steampowered.com/en/,external
Unity & Tundra Trackers - Guide for Set Up with Hand Engine,Unity-Tundra-Trackers-Guide-for-Set-Up-with-Hand-Engine,https://stretchsense.my.site.com/defaulthelpcenter26Sep/s/article/Unity-Tundra-Trackers-Guide-for-Set-Up-with-Hand-Engine?language=en_US,SteamVR,https://store.steampowered.com/app/250820/SteamVR/,external
Unity & Tundra Trackers - Guide for Set Up with Hand Engine,Unity-Tundra-Trackers-Guide-for-Set-Up-with-Hand-Engine,https://stretchsense.my.site.com/defaulthelpcenter26Sep/s/article/Unity-Tundra-Trackers-Guide-for-Set-Up-with-Hand-Engine?language=en_US,Tundra Tracker,https://tundra-labs.com/en-nz/products/tundra-tracker-1?variant=40250107461841,external
Unity & Tundra Trackers - Guide for Set Up with Hand Engine,Unity-Tundra-Trackers-Guide-for-Set-Up-with-Hand-Engine,https://stretchsense.my.site.com/defaulthelpcenter26Sep/s/article/Unity-Tundra-Trackers-Guide-for-Set-Up-with-Hand-Engine?language=en_US,SteamVR dongles,https://tundra-labs.com/products/steamvr-dongle,external
Unity & Tundra Trackers - Guide for Set Up with Hand Engine,Unity-Tundra-Trackers-Guide-for-Set-Up-with-Hand-Engine,https://stretchsense.my.site.com/defaulthelpcenter26Sep/s/article/Unity-Tundra-Trackers-Guide-for-Set-Up-with-Hand-Engine?language=en_US,Super Wireless Dongle – Tundra Labs,https://tundra-labs.com/en-nz/products/dongle-mcdongleface?variant=39477474296017,external
Unity & Tundra Trackers - Guide for Set Up with Hand Engine,Unity-Tundra-Trackers-Guide-for-Set-Up-with-Hand-Engine,https://stretchsense.my.site.com/defaulthelpcenter26Sep/s/article/Unity-Tundra-Trackers-Guide-for-Set-Up-with-Hand-Engine?language=en_US,Rebuff Reality Trackstraps Set (Wrists + Belt),https://rebuffreality.com/products/trackstrap-bundle-for-vive-trackers,external
Unity & Tundra Trackers - Guide for Set Up with Hand Engine,Unity-Tundra-Trackers-Guide-for-Set-Up-with-Hand-Engine,https://stretchsense.my.site.com/defaulthelpcenter26Sep/s/article/Unity-Tundra-Trackers-Guide-for-Set-Up-with-Hand-Engine?language=en_US,AMVR 5 Pcs VR Tracker Straps Accessories for HTC Vive 3.0,https://www.amazon.com/Tracker-Adjustable-Tracking-Trackers-Wristband-NO/dp/B07S58VWP6,external
Unity & Tundra Trackers - Guide for Set Up with Hand Engine,Unity-Tundra-Trackers-Guide-for-Set-Up-with-Hand-Engine,https://stretchsense.my.site.com/defaulthelpcenter26Sep/s/article/Unity-Tundra-Trackers-Guide-for-Set-Up-with-Hand-Engine?language=en_US,Steam Desktop client,https://store.steampowered.com/about/,external
Unity & Tundra Trackers - Guide for Set Up with Hand Engine,Unity-Tundra-Trackers-Guide-for-Set-Up-with-Hand-Engine,https://stretchsense.my.site.com/defaulthelpcenter26Sep/s/article/Unity-Tundra-Trackers-Guide-for-Set-Up-with-Hand-Engine?language=en_US,SteamVR,https://store.steampowered.com/app/250820/SteamVR/,external
Unity & Tundra Trackers - Guide for Set Up with Hand Engine,Unity-Tundra-Trackers-Guide-for-Set-Up-with-Hand-Engine,https://stretchsense.my.site.com/defaulthelpcenter26Sep/s/article/Unity-Tundra-Trackers-Guide-for-Set-Up-with-Hand-Engine?language=en_US,tutorial from VR With Andrew,https://www.youtube.com/watch?si=7rlwfpZgW1deunBl&v=Tw5LbNLW9Q4&feature=youtu.be,video
Unity & Tundra Trackers - Guide for Set Up with Hand Engine,Unity-Tundra-Trackers-Guide-for-Set-Up-with-Hand-Engine,https://stretchsense.my.site.com/defaulthelpcenter26Sep/s/article/Unity-Tundra-Trackers-Guide-for-Set-Up-with-Hand-Engine?language=en_US,Unity OpenXR Plugin,https://docs.unity3d.com/Manual/com.unity.xr.openxr.html,external
Unity & Tundra Trackers - Guide for Set Up with Hand Engine,Unity-Tundra-Trackers-Guide-for-Set-Up-with-Hand-Engine,https://stretchsense.my.site.com/defaulthelpcenter26Sep/s/article/Unity-Tundra-Trackers-Guide-for-Set-Up-with-Hand-Engine?language=en_US,Unity Input System,https://docs.unity3d.com/Manual/com.unity.inputsystem.html,external
Unity & Tundra Trackers - Guide for Set Up with Hand Engine,Unity-Tundra-Trackers-Guide-for-Set-Up-with-Hand-Engine,https://stretchsense.my.site.com/defaulthelpcenter26Sep/s/article/Unity-Tundra-Trackers-Guide-for-Set-Up-with-Hand-Engine?language=en_US,Unity XR Interaction Toolkit,https://docs.unity3d.com/Packages/com.unity.xr.interaction.toolkit@2.5/manual/installation.html,external
Unity & Tundra Trackers - Guide for Set Up with Hand Engine,Unity-Tundra-Trackers-Guide-for-Set-Up-with-Hand-Engine,https://stretchsense.my.site.com/defaulthelpcenter26Sep/s/article/Unity-Tundra-Trackers-Guide-for-Set-Up-with-Hand-Engine?language=en_US,Vive Tracker device profile,https://forum.unity.com/attachments/htcvivetrackerprofile-cs.986229/,external
Unity & Tundra Trackers - Guide for Set Up with Hand Engine,Unity-Tundra-Trackers-Guide-for-Set-Up-with-Hand-Engine,https://stretchsense.my.site.com/defaulthelpcenter26Sep/s/article/Unity-Tundra-Trackers-Guide-for-Set-Up-with-Hand-Engine?language=en_US,HTCXRTrackerProfile.unitypackage,https://www.dropbox.com/scl/fi/639s8vl3eb1o2s09pjk2f/HTCXRTrackerProfile.unitypackage?rlkey=vp3iv1909c8aq4ifx2i66rwdp&st=1yc3zrhg&dl=0,dropbox
Unity & Tundra Trackers - Guide for Set Up with Hand Engine,Unity-Tundra-Trackers-Guide-for-Set-Up-with-Hand-Engine,https://stretchsense.my.site.com/defaulthelpcenter26Sep/s/article/Unity-Tundra-Trackers-Guide-for-Set-Up-with-Hand-Engine?language=en_US,XR Tracker Input Actions.unitypackage,https://www.dropbox.com/scl/fi/cw1ofjd1bd4ym3ktjkki7/XR-Tracker-Input-Actions.unitypackage?rlkey=m9c8sl568phoiqn3ir2o3cbbb&st=51zyi7s8&dl=0,dropbox
Unity & Tundra Trackers - Guide for Set Up with Hand Engine,Unity-Tundra-Trackers-Guide-for-Set-Up-with-Hand-Engine,https://stretchsense.my.site.com/defaulthelpcenter26Sep/s/article/Unity-Tundra-Trackers-Guide-for-Set-Up-with-Hand-Engine?language=en_US,VR With Andrew’s guide on using custom input,https://www.youtube.com/watch?v=jOn0YWoNFVY&ab_channel=Andrew,video
Unity & Tundra Trackers - Guide for Set Up with Hand Engine,Unity-Tundra-Trackers-Guide-for-Set-Up-with-Hand-Engine,https://stretchsense.my.site.com/defaulthelpcenter26Sep/s/article/Unity-Tundra-Trackers-Guide-for-Set-Up-with-Hand-Engine?language=en_US,Unity XR Interaction Toolkit,https://docs.unity3d.com/Packages/com.unity.xr.interaction.toolkit@2.5/manual/installation.html,external
Unity & Tundra Trackers - Guide for Set Up with Hand Engine,Unity-Tundra-Trackers-Guide-for-Set-Up-with-Hand-Engine,https://stretchsense.my.site.com/defaulthelpcenter26Sep/s/article/Unity-Tundra-Trackers-Guide-for-Set-Up-with-Hand-Engine?language=en_US,StretchSense Studio Gloves,https://stretchsense.com/mocap-studio/,stretchsense_site
Unity & Tundra Trackers - Guide for Set Up with Hand Engine,Unity-Tundra-Trackers-Guide-for-Set-Up-with-Hand-Engine,https://stretchsense.my.site.com/defaulthelpcenter26Sep/s/article/Unity-Tundra-Trackers-Guide-for-Set-Up-with-Hand-Engine?language=en_US,ordering Studio Gloves from the StretchSense website,https://stretchsense.com/shop-stretchsense/,stretchsense_site
Unity & Tundra Trackers - Guide for Set Up with Hand Engine,Unity-Tundra-Trackers-Guide-for-Set-Up-with-Hand-Engine,https://stretchsense.my.site.com/defaulthelpcenter26Sep/s/article/Unity-Tundra-Trackers-Guide-for-Set-Up-with-Hand-Engine?language=en_US,VIVE-Wave,https://developer.vive.com/resources/vive-wave/,external
Unity & Tundra Trackers - Guide for Set Up with Hand Engine,Unity-Tundra-Trackers-Guide-for-Set-Up-with-Hand-Engine,https://stretchsense.my.site.com/defaulthelpcenter26Sep/s/article/Unity-Tundra-Trackers-Guide-for-Set-Up-with-Hand-Engine?language=en_US,VIVE-OpenXR,https://developer.vive.com/resources/openxr/unity/,external
Unity & Tundra Trackers - Guide for Set Up with Hand Engine,Unity-Tundra-Trackers-Guide-for-Set-Up-with-Hand-Engine,https://stretchsense.my.site.com/defaulthelpcenter26Sep/s/article/Unity-Tundra-Trackers-Guide-for-Set-Up-with-Hand-Engine?language=en_US,R Vive Tracker guides section,https://stretchsense.my.site.com/defaulthelpcenter26Sep/s/article/Unity-Vive-Trackers-Guide-for-Set-Up-with-Hand-Engine,salesforce_article
Unity & Tundra Trackers - Guide for Set Up with Hand Engine,Unity-Tundra-Trackers-Guide-for-Set-Up-with-Hand-Engine,https://stretchsense.my.site.com/defaulthelpcenter26Sep/s/article/Unity-Tundra-Trackers-Guide-for-Set-Up-with-Hand-Engine?language=en_US,Unity VR Vive Tracker guide,https://stretchsense.my.site.com/defaulthelpcenter26Sep/s/article/Unity-Vive-Trackers-Guide-for-Set-Up-with-Hand-Engine,salesforce_article
Unity & Vive Trackers - Guide for Set Up with Hand Engine,Unity-Vive-Trackers-Guide-for-Set-Up-with-Hand-Engine,https://stretchsense.my.site.com/defaulthelpcenter26Sep/s/article/Unity-Vive-Trackers-Guide-for-Set-Up-with-Hand-Engine?language=en_US,Hand Engine,https://stretchsense.com/my-account/,stretchsense_site
Unity & Vive Trackers - Guide for Set Up with Hand Engine,Unity-Vive-Trackers-Guide-for-Set-Up-with-Hand-Engine,https://stretchsense.my.site.com/defaulthelpcenter26Sep/s/article/Unity-Vive-Trackers-Guide-for-Set-Up-with-Hand-Engine?language=en_US,2022.3*,https://unity.com/releases/editor/whats-new/2022.3.19,external
Unity & Vive Trackers - Guide for Set Up with Hand Engine,Unity-Vive-Trackers-Guide-for-Set-Up-with-Hand-Engine,https://stretchsense.my.site.com/defaulthelpcenter26Sep/s/article/Unity-Vive-Trackers-Guide-for-Set-Up-with-Hand-Engine?language=en_US,Unity OpenXR Plugin,https://docs.unity3d.com/Manual/com.unity.xr.openxr.html,external
Unity & Vive Trackers - Guide for Set Up with Hand Engine,Unity-Vive-Trackers-Guide-for-Set-Up-with-Hand-Engine,https://stretchsense.my.site.com/defaulthelpcenter26Sep/s/article/Unity-Vive-Trackers-Guide-for-Set-Up-with-Hand-Engine?language=en_US,Unity Input System,https://docs.unity3d.com/Manual/com.unity.inputsystem.html,external
Unity & Vive Trackers - Guide for Set Up with Hand Engine,Unity-Vive-Trackers-Guide-for-Set-Up-with-Hand-Engine,https://stretchsense.my.site.com/defaulthelpcenter26Sep/s/article/Unity-Vive-Trackers-Guide-for-Set-Up-with-Hand-Engine?language=en_US,Unity XR Interaction Toolkit,https://docs.unity3d.com/Packages/com.unity.xr.interaction.toolkit@2.5/manual/installation.html,external
Unity & Vive Trackers - Guide for Set Up with Hand Engine,Unity-Vive-Trackers-Guide-for-Set-Up-with-Hand-Engine,https://stretchsense.my.site.com/defaulthelpcenter26Sep/s/article/Unity-Vive-Trackers-Guide-for-Set-Up-with-Hand-Engine?language=en_US,Steam Desktop Client,https://help.steampowered.com/en/,external
Unity & Vive Trackers - Guide for Set Up with Hand Engine,Unity-Vive-Trackers-Guide-for-Set-Up-with-Hand-Engine,https://stretchsense.my.site.com/defaulthelpcenter26Sep/s/article/Unity-Vive-Trackers-Guide-for-Set-Up-with-Hand-Engine?language=en_US,SteamVR,https://store.steampowered.com/app/250820/SteamVR/,external
Unity & Vive Trackers - Guide for Set Up with Hand Engine,Unity-Vive-Trackers-Guide-for-Set-Up-with-Hand-Engine,https://stretchsense.my.site.com/defaulthelpcenter26Sep/s/article/Unity-Vive-Trackers-Guide-for-Set-Up-with-Hand-Engine?language=en_US,2x Vive Tracker 3.0,https://www.vive.com/us/accessory/tracker3/,external
Unity & Vive Trackers - Guide for Set Up with Hand Engine,Unity-Vive-Trackers-Guide-for-Set-Up-with-Hand-Engine,https://stretchsense.my.site.com/defaulthelpcenter26Sep/s/article/Unity-Vive-Trackers-Guide-for-Set-Up-with-Hand-Engine?language=en_US,Rebuff Reality Trackstraps Set (Wrists + Belt),https://rebuffreality.com/products/trackstrap-bundle-for-vive-trackers,external
Unity & Vive Trackers - Guide for Set Up with Hand Engine,Unity-Vive-Trackers-Guide-for-Set-Up-with-Hand-Engine,https://stretchsense.my.site.com/defaulthelpcenter26Sep/s/article/Unity-Vive-Trackers-Guide-for-Set-Up-with-Hand-Engine?language=en_US,AMVR 5 Pcs VR Tracker Straps Accessories for HTC Vive 3.0,https://www.amazon.com/Tracker-Adjustable-Tracking-Trackers-Wristband-NO/dp/B07S58VWP6,external
Unity & Vive Trackers - Guide for Set Up with Hand Engine,Unity-Vive-Trackers-Guide-for-Set-Up-with-Hand-Engine,https://stretchsense.my.site.com/defaulthelpcenter26Sep/s/article/Unity-Vive-Trackers-Guide-for-Set-Up-with-Hand-Engine?language=en_US,Steam Desktop client,https://store.steampowered.com/about/,external
Unity & Vive Trackers - Guide for Set Up with Hand Engine,Unity-Vive-Trackers-Guide-for-Set-Up-with-Hand-Engine,https://stretchsense.my.site.com/defaulthelpcenter26Sep/s/article/Unity-Vive-Trackers-Guide-for-Set-Up-with-Hand-Engine?language=en_US,SteamVR,https://store.steampowered.com/app/250820/SteamVR/,external
Unity & Vive Trackers - Guide for Set Up with Hand Engine,Unity-Vive-Trackers-Guide-for-Set-Up-with-Hand-Engine,https://stretchsense.my.site.com/defaulthelpcenter26Sep/s/article/Unity-Vive-Trackers-Guide-for-Set-Up-with-Hand-Engine?language=en_US,tutorial from VR With Andrew,https://www.youtube.com/watch?si=7rlwfpZgW1deunBl&v=Tw5LbNLW9Q4&feature=youtu.be,video
Unity & Vive Trackers - Guide for Set Up with Hand Engine,Unity-Vive-Trackers-Guide-for-Set-Up-with-Hand-Engine,https://stretchsense.my.site.com/defaulthelpcenter26Sep/s/article/Unity-Vive-Trackers-Guide-for-Set-Up-with-Hand-Engine?language=en_US,Unity OpenXR Plugin,https://docs.unity3d.com/Manual/com.unity.xr.openxr.html,external
Unity & Vive Trackers - Guide for Set Up with Hand Engine,Unity-Vive-Trackers-Guide-for-Set-Up-with-Hand-Engine,https://stretchsense.my.site.com/defaulthelpcenter26Sep/s/article/Unity-Vive-Trackers-Guide-for-Set-Up-with-Hand-Engine?language=en_US,Unity Input System,https://docs.unity3d.com/Manual/com.unity.inputsystem.html,external
Unity & Vive Trackers - Guide for Set Up with Hand Engine,Unity-Vive-Trackers-Guide-for-Set-Up-with-Hand-Engine,https://stretchsense.my.site.com/defaulthelpcenter26Sep/s/article/Unity-Vive-Trackers-Guide-for-Set-Up-with-Hand-Engine?language=en_US,Unity XR Interaction Toolkit,https://docs.unity3d.com/Packages/com.unity.xr.interaction.toolkit@2.5/manual/installation.html,external
Unity & Vive Trackers - Guide for Set Up with Hand Engine,Unity-Vive-Trackers-Guide-for-Set-Up-with-Hand-Engine,https://stretchsense.my.site.com/defaulthelpcenter26Sep/s/article/Unity-Vive-Trackers-Guide-for-Set-Up-with-Hand-Engine?language=en_US,Vive Tracker device profile,https://forum.unity.com/attachments/htcvivetrackerprofile-cs.986229/,external
Unity & Vive Trackers - Guide for Set Up with Hand Engine,Unity-Vive-Trackers-Guide-for-Set-Up-with-Hand-Engine,https://stretchsense.my.site.com/defaulthelpcenter26Sep/s/article/Unity-Vive-Trackers-Guide-for-Set-Up-with-Hand-Engine?language=en_US,HTCXRTrackerProfile.unitypackage,https://www.dropbox.com/scl/fi/639s8vl3eb1o2s09pjk2f/HTCXRTrackerProfile.unitypackage?rlkey=vp3iv1909c8aq4ifx2i66rwdp&st=1yc3zrhg&dl=0,dropbox
Unity & Vive Trackers - Guide for Set Up with Hand Engine,Unity-Vive-Trackers-Guide-for-Set-Up-with-Hand-Engine,https://stretchsense.my.site.com/defaulthelpcenter26Sep/s/article/Unity-Vive-Trackers-Guide-for-Set-Up-with-Hand-Engine?language=en_US,XR Tracker Input Actions.unitypackage,https://www.dropbox.com/scl/fi/cw1ofjd1bd4ym3ktjkki7/XR-Tracker-Input-Actions.unitypackage?rlkey=m9c8sl568phoiqn3ir2o3cbbb&st=51zyi7s8&dl=0,dropbox
Unity & Vive Trackers - Guide for Set Up with Hand Engine,Unity-Vive-Trackers-Guide-for-Set-Up-with-Hand-Engine,https://stretchsense.my.site.com/defaulthelpcenter26Sep/s/article/Unity-Vive-Trackers-Guide-for-Set-Up-with-Hand-Engine?language=en_US,VR With Andrew’s guide on using custom input,https://www.youtube.com/watch?v=jOn0YWoNFVY&ab_channel=Andrew,video
Unity & Vive Trackers - Guide for Set Up with Hand Engine,Unity-Vive-Trackers-Guide-for-Set-Up-with-Hand-Engine,https://stretchsense.my.site.com/defaulthelpcenter26Sep/s/article/Unity-Vive-Trackers-Guide-for-Set-Up-with-Hand-Engine?language=en_US,Unity XR Interaction Toolkit,https://docs.unity3d.com/Packages/com.unity.xr.interaction.toolkit@2.5/manual/installation.html,external
Unity & Vive Trackers - Guide for Set Up with Hand Engine,Unity-Vive-Trackers-Guide-for-Set-Up-with-Hand-Engine,https://stretchsense.my.site.com/defaulthelpcenter26Sep/s/article/Unity-Vive-Trackers-Guide-for-Set-Up-with-Hand-Engine?language=en_US,VIVE-Wave,https://developer.vive.com/resources/vive-wave/,external
Unity & Vive Trackers - Guide for Set Up with Hand Engine,Unity-Vive-Trackers-Guide-for-Set-Up-with-Hand-Engine,https://stretchsense.my.site.com/defaulthelpcenter26Sep/s/article/Unity-Vive-Trackers-Guide-for-Set-Up-with-Hand-Engine?language=en_US,VIVE-OpenXR,https://developer.vive.com/resources/openxr/unity/,external
Unity & Vive Trackers - Guide for Set Up with Hand Engine,Unity-Vive-Trackers-Guide-for-Set-Up-with-Hand-Engine,https://stretchsense.my.site.com/defaulthelpcenter26Sep/s/article/Unity-Vive-Trackers-Guide-for-Set-Up-with-Hand-Engine?language=en_US,AMVR Wrist Straps,https://www.amazon.com/Tracker-Adjustable-Tracking-Trackers-Wristband-NO/dp/B07S58VWP6,external
Unity & Vive Trackers - Guide for Set Up with Hand Engine,Unity-Vive-Trackers-Guide-for-Set-Up-with-Hand-Engine,https://stretchsense.my.site.com/defaulthelpcenter26Sep/s/article/Unity-Vive-Trackers-Guide-for-Set-Up-with-Hand-Engine?language=en_US,AMVR Wrist Straps,https://www.amazon.com/Tracker-Adjustable-Tracking-Trackers-Wristband-NO/dp/B07S58VWP6,external
Unity & Vive Trackers - Guide for Set Up with Hand Engine,Unity-Vive-Trackers-Guide-for-Set-Up-with-Hand-Engine,https://stretchsense.my.site.com/defaulthelpcenter26Sep/s/article/Unity-Vive-Trackers-Guide-for-Set-Up-with-Hand-Engine?language=en_US,AMVR Palm Ring Straps,https://www.amazon.com/Tracker-Adjustable-Tracking-Trackers-Wristband-NO/dp/B07S58VWP6,external
Unity & Vive Trackers - Guide for Set Up with Hand Engine,Unity-Vive-Trackers-Guide-for-Set-Up-with-Hand-Engine,https://stretchsense.my.site.com/defaulthelpcenter26Sep/s/article/Unity-Vive-Trackers-Guide-for-Set-Up-with-Hand-Engine?language=en_US,AMVR Palm Ring Straps,https://www.amazon.com/Tracker-Adjustable-Tracking-Trackers-Wristband-NO/dp/B07S58VWP6,external
Unity & Vive Trackers - Guide for Set Up with Hand Engine,Unity-Vive-Trackers-Guide-for-Set-Up-with-Hand-Engine,https://stretchsense.my.site.com/defaulthelpcenter26Sep/s/article/Unity-Vive-Trackers-Guide-for-Set-Up-with-Hand-Engine?language=en_US,AMVR Palm Ring Straps,https://www.amazon.com/Tracker-Adjustable-Tracking-Trackers-Wristband-NO/dp/B07S58VWP6,external
Unreal Engine Plugin - How to Retrieve Pose Name Streamed from Hand Engine (Fidelity Glove),Unreal-Engine-Plugin-How-to-Retrieve-Pose-Name-Streamed-from-Hand-Engine-Fidelity-Glove,https://stretchsense.my.site.com/defaulthelpcenter26Sep/s/article/Unreal-Engine-Plugin-How-to-Retrieve-Pose-Name-streamed-from-Hand-Engine?language=en_US,https://www.unrealengine.com/en-US/,https://www.unrealengine.com/en-US/,external
Unreal Engine Plugin - How to Retrieve Pose Name Streamed from Hand Engine (Fidelity Glove),Unreal-Engine-Plugin-How-to-Retrieve-Pose-Name-Streamed-from-Hand-Engine-Fidelity-Glove,https://stretchsense.my.site.com/defaulthelpcenter26Sep/s/article/Unreal-Engine-Plugin-How-to-Retrieve-Pose-Name-streamed-from-Hand-Engine?language=en_US,http://www.stretchsense.com/my-account,http://www.stretchsense.com/my-account,stretchsense_site
Unreal Engine Plugin - How to Retrieve Pose Name Streamed from Hand Engine (Fidelity Glove),Unreal-Engine-Plugin-How-to-Retrieve-Pose-Name-Streamed-from-Hand-Engine-Fidelity-Glove,https://stretchsense.my.site.com/defaulthelpcenter26Sep/s/article/Unreal-Engine-Plugin-How-to-Retrieve-Pose-Name-streamed-from-Hand-Engine?language=en_US,https://stretchsense.my.site.com/defaulthelpcenter26Sep/s/article/Fidelity-and-SuperSplay-Glove-Unreal-Engine-Streaming,http://https://stretchsense.my.site.com/defaulthelpcenter26Sep/s/article/Fidelity-and-SuperSplay-Glove-Unreal-Engine-Streaming,external
Unreal Engine - Retarget Recorded Hand Data FBX to Body Data in Post Production,Unreal-Engine-Retarget-Recorded-Hand-Data-FBX-to-Body-Data-in-Post-Production,https://stretchsense.my.site.com/defaulthelpcenter26Sep/s/article/Unreal-Engine-Retargeting-and-Merging-Pre-Recorded-Hand-Data-Animation-with-Body-Data-Animation?language=en_US,http://www.stretchsense.com/my-account,http://www.stretchsense.com/my-account,stretchsense_site
Unreal Engine - Retarget Recorded Hand Data FBX to Body Data in Post Production,Unreal-Engine-Retarget-Recorded-Hand-Data-FBX-to-Body-Data-in-Post-Production,https://stretchsense.my.site.com/defaulthelpcenter26Sep/s/article/Unreal-Engine-Retargeting-and-Merging-Pre-Recorded-Hand-Data-Animation-with-Body-Data-Animation?language=en_US,support@stretchsense.com,https://kb.stretchsense.com/desk/help-docs/573/mcpsupport@stretchsense.com/,stretchsense_site
Unreal Engine - Retarget Recorded Hand Data FBX to Body Data in Post Production,Unreal-Engine-Retarget-Recorded-Hand-Data-FBX-to-Body-Data-in-Post-Production,https://stretchsense.my.site.com/defaulthelpcenter26Sep/s/article/Unreal-Engine-Retargeting-and-Merging-Pre-Recorded-Hand-Data-Animation-with-Body-Data-Animation?language=en_US,Download,https://www.dropbox.com/scl/fi/54x5y2tgv55lq4jduevno/Hands_Full_Skel.fbx?rlkey=ruod2c2ac5klfunib5c03mjs7&dl=0,dropbox
Unreal Engine & Vive Trackers - Guide for Set Up with Hand Engine,Unreal-Engine-Vive-Trackers-Guide-for-Set-Up-with-Hand-Engine,https://stretchsense.my.site.com/defaulthelpcenter26Sep/s/article/Unreal-Engine-Vive-Trackers-Comprehensive-Guide-for-Set-Up-with-Hand-Engine?language=en_US,http://www.stretchsense.com/my-account,http://www.stretchsense.com/my-account,stretchsense_site
Unreal Engine & Vive Trackers - Guide for Set Up with Hand Engine,Unreal-Engine-Vive-Trackers-Guide-for-Set-Up-with-Hand-Engine,https://stretchsense.my.site.com/defaulthelpcenter26Sep/s/article/Unreal-Engine-Vive-Trackers-Comprehensive-Guide-for-Set-Up-with-Hand-Engine?language=en_US,support@stretchsense.com,mailto:support@stretchsense.com,relative_or_internal
Unreal Engine & Vive Trackers - Guide for Set Up with Hand Engine,Unreal-Engine-Vive-Trackers-Guide-for-Set-Up-with-Hand-Engine,https://stretchsense.my.site.com/defaulthelpcenter26Sep/s/article/Unreal-Engine-Vive-Trackers-Comprehensive-Guide-for-Set-Up-with-Hand-Engine?language=en_US,https://www.unrealengine.com/en-US,https://www.unrealengine.com/en-US,external
Unreal Engine & Vive Trackers - Guide for Set Up with Hand Engine,Unreal-Engine-Vive-Trackers-Guide-for-Set-Up-with-Hand-Engine,https://stretchsense.my.site.com/defaulthelpcenter26Sep/s/article/Unreal-Engine-Vive-Trackers-Comprehensive-Guide-for-Set-Up-with-Hand-Engine?language=en_US,https://store.steampowered.com/app/250820/SteamVR,https://store.steampowered.com/app/250820/SteamVR/,external
Unreal Engine & Vive Trackers - Guide for Set Up with Hand Engine,Unreal-Engine-Vive-Trackers-Guide-for-Set-Up-with-Hand-Engine,https://stretchsense.my.site.com/defaulthelpcenter26Sep/s/article/Unreal-Engine-Vive-Trackers-Comprehensive-Guide-for-Set-Up-with-Hand-Engine?language=en_US,Hand Engine 3 - Studio Glove - Connect and Calibrate,https://stretchsense.my.site.com/defaulthelpcenter26Sep/s/article/Hand-Engine-3-Studio-Glove-Connect-and-Calibrate,salesforce_article
Vicon Shogun Post 1.8 - Merging StretchSense Data,Vicon-Shogun-Post-1-8-Merging-StretchSense-Data,https://stretchsense.my.site.com/defaulthelpcenter26Sep/s/article/Vicon-Shogun-Post-1-8-Merging-StretchSense-Data?language=en_US,https://www.vicon.com/software/models-and-scripts/stretchsense-scripts/,https://www.vicon.com/software/models-and-scripts/stretchsense-scripts/,external
Vicon Shogun Post 1.8 - Merging StretchSense Data,Vicon-Shogun-Post-1-8-Merging-StretchSense-Data,https://stretchsense.my.site.com/defaulthelpcenter26Sep/s/article/Vicon-Shogun-Post-1-8-Merging-StretchSense-Data?language=en_US,https://www.vicon.com/software/models-and-scripts/vss/,https://www.vicon.com/software/models-and-scripts/vss/,external
Vicon Shogun Post 1.8 - Merging StretchSense Data,Vicon-Shogun-Post-1-8-Merging-StretchSense-Data,https://stretchsense.my.site.com/defaulthelpcenter26Sep/s/article/Vicon-Shogun-Post-1-8-Merging-StretchSense-Data?language=en_US,https://get.stretchsense.com/knowledge/hand-engine-user-guide-2.0#Timecode,https://get.stretchsense.com/knowledge/hand-engine-user-guide-2.0#Timecode,stretchsense_site
Vicon Shogun Post 1.8 - Merging StretchSense Data,Vicon-Shogun-Post-1-8-Merging-StretchSense-Data,https://stretchsense.my.site.com/defaulthelpcenter26Sep/s/article/Vicon-Shogun-Post-1-8-Merging-StretchSense-Data?language=en_US,https://get.stretchsense.com/knowledge/hand-engine-user-guide-2.0#RemoteTrigger,https://get.stretchsense.com/knowledge/hand-engine-user-guide-2.0#RemoteTrigger,stretchsense_site
