Page ID,Title,Parent ID,Status,Created,Updated,Version,Author ID,Space ID,Source URL,Body Path,Attachment Count,Mirror Status,Content SHA256
648740868,Meta Quest OpenVR Space Calibrator Guide,504594439,current,2025-01-28T03:14:33.372Z,2025-01-28T20:35:15.686Z,4,62cb6ab310fcc6f7ae3dc6ac,431226936,https://stretchsense.atlassian.net/wiki/spaces/sx/pages/648740868/Meta+Quest+OpenVR+Space+Calibrator+Guide,pages/648740868/body.storage.html,32,mirrored,0755fc4be3915d2a16145c2dd4d84f11554fa9af896035427e36c0b44593f5bd
439320599,Open SDK OSC API Reference,504561680,current,2024-06-06T22:59:52.204Z,2024-09-18T01:58:07.831Z,8,62cb6ab310fcc6f7ae3dc6ac,431226936,https://stretchsense.atlassian.net/wiki/spaces/sx/pages/439320599/Open+SDK+OSC+API+Reference,pages/439320599/body.storage.html,16,mirrored,dd64422abe8789074179e4d48a2d57a9ccac924a1343f169fb012a3c60fae2f5
509903268,OpenGloves Configuration Guide,504594439,current,2024-08-26T05:01:04.751Z,2024-10-09T23:28:22.668Z,2,62cb6ab310fcc6f7ae3dc6ac,431226936,https://stretchsense.atlassian.net/wiki/spaces/sx/pages/509903268/OpenGloves+Configuration+Guide,pages/509903268/body.storage.html,7,mirrored,3cd27b596a6e4cdb51932058254d2581b7cd70f2df776ae6b7cc589755adb522
509640804,StretchSense SteamVR App Setup Guide (Open Beta),504594439,current,2024-08-26T04:30:41.428Z,2024-12-01T21:51:53.403Z,10,62cb6ab310fcc6f7ae3dc6ac,431226936,https://stretchsense.atlassian.net/wiki/spaces/sx/pages/509640804/StretchSense+SteamVR+App+Setup+Guide+Open+Beta,pages/509640804/body.storage.html,64,mirrored,a11c8b50d4a69327f884aa17daf84a6da8ecdfbd9ee2100a5ddac55eedaa6f2d
509804865,StretchSense SteamVR Boneworks Guide,509247712,current,2024-08-26T04:51:14.260Z,2024-08-26T04:51:29.044Z,1,62cb6ab310fcc6f7ae3dc6ac,431226936,https://stretchsense.atlassian.net/wiki/spaces/sx/pages/509804865/StretchSense+SteamVR+Boneworks+Guide,pages/509804865/body.storage.html,14,mirrored,e8202ea550682bc38d8fcdf8ae15b2cdca06483bf657a0d53ad1cd87249f91a3
509247712,StretchSense SteamVR Controller Bindings Guide,504594439,current,2024-08-26T04:50:07.607Z,2024-08-26T04:52:39.465Z,2,62cb6ab310fcc6f7ae3dc6ac,431226936,https://stretchsense.atlassian.net/wiki/spaces/sx/pages/509247712/StretchSense+SteamVR+Controller+Bindings+Guide,pages/509247712/body.storage.html,0,mirrored,e98cdc90bd87bf61ba6e322684190dd4d356e884864cce36b9c82dc6e2d23307
510034021,StretchSense SteamVR Minecraft Guide,509247712,current,2024-08-26T04:51:41.302Z,2025-01-21T20:20:08.199Z,7,62cb6ab310fcc6f7ae3dc6ac,431226936,https://stretchsense.atlassian.net/wiki/spaces/sx/pages/510034021/StretchSense+SteamVR+Minecraft+Guide,pages/510034021/body.storage.html,21,mirrored,9517d0f1094d07db6691e1e664897882fb30d0589dec615774a7d488d2e7eb3c
509247722,StretchSense SteamVR VRChat Guide,509247712,current,2024-08-26T04:50:44.935Z,2024-12-01T21:38:51.963Z,8,62cb6ab310fcc6f7ae3dc6ac,431226936,https://stretchsense.atlassian.net/wiki/spaces/sx/pages/509247722/StretchSense+SteamVR+VRChat+Guide,pages/509247722/body.storage.html,22,mirrored,91ed54f2c820d532032b0176cc3be569879d8c3f81aef82b1422797ad7312f0d
431226993,StretchSense Studio XR Knowledgebase,,current,2024-05-30T04:42:56.683Z,2025-06-27T02:13:32.770Z,17,63bb6375eac4f07e3f3b1c44,431226936,https://stretchsense.atlassian.net/wiki/spaces/sx/overview,pages/431226993/body.storage.html,17,mirrored,fc9a0c6279019abc4373c4ecba96d44dfe030ce9fff27f565517bb6e57789f63
504561680,Studio Glove - Open SDK,431226993,current,2024-08-21T02:42:10.614Z,2025-06-08T22:44:47.333Z,7,62cb6ab310fcc6f7ae3dc6ac,431226936,https://stretchsense.atlassian.net/wiki/spaces/sx/pages/504561680/Studio+Glove+-+Open+SDK,pages/504561680/body.storage.html,9,mirrored,e6b38249d4c2d376a1108557f0cd4e4fc52635a09c43994e867bb54b9b261141
504594439,Studio Glove - SteamVR & XR,431226993,current,2024-08-21T02:40:29.534Z,2025-06-24T05:08:49.567Z,9,62cb6ab310fcc6f7ae3dc6ac,431226936,https://stretchsense.atlassian.net/wiki/spaces/sx/pages/504594439/Studio+Glove+-+SteamVR+XR,pages/504594439/body.storage.html,10,mirrored,5c6927f4820201e144bda8877ebd3e623c84886abced17fba1cfb3f75b865583
592904194,Tracker Mounting Guide,504594439,current,2024-11-19T23:23:47.906Z,2025-01-30T01:01:07.370Z,3,62cb6ab310fcc6f7ae3dc6ac,431226936,https://stretchsense.atlassian.net/wiki/spaces/sx/pages/592904194/Tracker+Mounting+Guide,pages/592904194/body.storage.html,30,mirrored,32ca9ed44c6e49acd833bcf7cc16970a81d3f89f3dd1606e9d6e948c0c48b032
557645826,Use 3rd Party Gamepads with SteamVR,504594439,current,2024-10-17T22:25:16.236Z,2024-10-17T22:26:03.621Z,1,62cb6ab310fcc6f7ae3dc6ac,431226936,https://stretchsense.atlassian.net/wiki/spaces/sx/pages/557645826/Use+3rd+Party+Gamepads+with+SteamVR,pages/557645826/body.storage.html,20,mirrored,f166374090632f0ff56c6a62bcb39c29bead975f4aa2c16103ae03611ed0666a
439156771,Use the Open SDK with Unity,504561680,current,2024-06-06T23:05:50.315Z,2024-06-07T01:52:40.809Z,1,62cb6ab310fcc6f7ae3dc6ac,431226936,https://stretchsense.atlassian.net/wiki/spaces/sx/pages/439156771/Use+the+Open+SDK+with+Unity,pages/439156771/body.storage.html,7,mirrored,05eb68e5dbb44564427dbcc33ba772b5ef03b6f44e91d54ad9de1814336e40ad
574488598,Using SteamVR Trackers Without HMD,504594439,current,2024-11-03T20:52:53.760Z,2025-06-11T02:32:49.732Z,9,62cb6ab310fcc6f7ae3dc6ac,431226936,https://stretchsense.atlassian.net/wiki/spaces/sx/pages/574488598/Using+SteamVR+Trackers+Without+HMD,pages/574488598/body.storage.html,40,mirrored,2b8a6de19e312d3c447ee42c9d489a6661d0341c842afad05bb72b1cf95049ca
550371336,VIVE Ultimate Tracker Meta Quest PCVR + SteamVR Guide,504594439,current,2024-10-09T23:15:43.304Z,2024-12-02T04:22:40.996Z,27,62cb6ab310fcc6f7ae3dc6ac,431226936,https://stretchsense.atlassian.net/wiki/spaces/sx/pages/550371336/VIVE+Ultimate+Tracker+Meta+Quest+PCVR+SteamVR+Guide,pages/550371336/body.storage.html,27,mirrored,8e4500c759bea53d2cd63fadb7e7f95cbc3fff7de3459ca36f999500bc38aefd
